{
  "v": "4.5.9",
  "fr": 29.9700012207031,
  "ip": 0,
  "op": 87.0000035435826,
  "w": 350,
  "h": 350,
  "ddd": 0,
  "assets": [],
  "layers": [
    {
      "ddd": 0,
      "ind": 0,
      "ty": 4,
      "nm": "Earth Outline",
      "ks": {
        "o": {
          "a": 0,
          "k": 100
        },
        "r": {
          "a": 0,
          "k": 0
        },
        "p": {
          "a": 0,
          "k": [
            175,
            175,
            0
          ]
        },
        "a": {
          "a": 0,
          "k": [
            30,
            30,
            0
          ]
        },
        "s": {
          "a": 0,
          "k": [
            235,
            235,
            100
          ]
        }
      },
      "ao": 0,
      "shapes": [
        {
          "ty": "gr",
          "it": [
            {
              "ind": 0,
              "ty": "sh",
              "ks": {
                "a": 0,
                "k": {
                  "i": [
                    [
                      11.238,
                      -3.576
                    ],
                    [
                      0,
                      0
                    ],
                    [
                      0,
                      0
                    ],
                    [
                      0,
                      0
                    ],
                    [
                      0,
                      0
                    ],
                    [
                      0,
                      0
                    ],
                    [
                      0,
                      0
                    ],
                    [
                      0,
                      0
                    ],
                    [
                      0,
                      0
                    ],
                    [
                      0,
                      0
                    ],
                    [
                      0,
                      0
                    ],
                    [
                      0,
                      0
                    ],
                    [
                      0,
                      0
                    ],
                    [
                      0,
                      0
                    ],
                    [
                      0,
                      0
                    ],
                    [
                      0,
                      0
                    ],
                    [
                      0,
                      0
                    ],
                    [
                      0,
                      0
                    ],
                    [
                      0,
                      0
                    ],
                    [
                      0,
                      0
                    ],
                    [
                      0.491,
                      2.648
                    ],
                    [
                      -0.322,
                      0.244
                    ],
                    [
                      -0.809,
                      1.455
                    ],
                    [
                      0.254,
                      0.981
                    ],
                    [
                      -0.086,
                      1.297
                    ],
                    [
                      0.058,
                      0.483
                    ],
                    [
                      -0.104,
                      1.657
                    ],
                    [
                      0.728,
                      0.741
                    ],
                    [
                      -5.105,
                      2.693
                    ],
                    [
                      -0.016,
                      -0.329
                    ],
                    [
                      0,
                      0
                    ],
                    [
                      0,
                      0
                    ],
                    [
                      -0.578,
                      0.534
                    ],
                    [
                      -0.53,
                      0.196
                    ],
                    [
                      0.038,
                      -0.214
                    ],
                    [
                      1.318,
                      -0.692
                    ],
                    [
                      -0.184,
                      -2.341
                    ],
                    [
                      0,
                      0
                    ],
                    [
                      0,
                      0
                    ],
                    [
                      -0.923,
                      0
                    ],
                    [
                      -1.77,
                      1.353
                    ],
                    [
                      -1.962,
                      0
                    ],
                    [
                      -1.56,
                      0.67
                    ],
                    [
                      -0.514,
                      0.064
                    ],
                    [
                      0.172,
                      -0.579
                    ],
                    [
                      0.69,
                      0
                    ],
                    [
                      0.224,
                      0.228
                    ],
                    [
                      1.738,
                      -1.812
                    ],
                    [
                      -0.082,
                      -1.981
                    ],
                    [
                      0,
                      0
                    ],
                    [
                      0.12,
                      0.054
                    ],
                    [
                      0.902,
                      0
                    ],
                    [
                      0.163,
                      -0.244
                    ],
                    [
                      -0.296,
                      -0.703
                    ],
                    [
                      0.728,
                      -1.222
                    ],
                    [
                      -0.433,
                      -0.761
                    ],
                    [
                      -0.73,
                      0
                    ],
                    [
                      -1.555,
                      0.37
                    ],
                    [
                      -0.268,
                      0
                    ],
                    [
                      -0.336,
                      -0.928
                    ],
                    [
                      -0.862,
                      -0.664
                    ],
                    [
                      -0.46,
                      0
                    ],
                    [
                      -0.188,
                      0.611
                    ],
                    [
                      -0.018,
                      0.06
                    ],
                    [
                      -0.021,
                      -0.232
                    ],
                    [
                      -0.47,
                      0
                    ],
                    [
                      -1.023,
                      0.474
                    ],
                    [
                      -0.257,
                      0.005
                    ],
                    [
                      -0.042,
                      -0.254
                    ],
                    [
                      -0.51,
                      -0.775
                    ],
                    [
                      -3.249,
                      0
                    ],
                    [
                      -1.154,
                      1.791
                    ],
                    [
                      -0.17,
                      1.174
                    ],
                    [
                      -0.397,
                      0.274
                    ],
                    [
                      -1.196,
                      -1.563
                    ],
                    [
                      -0.853,
                      0
                    ],
                    [
                      0,
                      0
                    ],
                    [
                      -0.269,
                      0.306
                    ]
                  ],
                  "o": [
                    [
                      0,
                      0
                    ],
                    [
                      0,
                      0
                    ],
                    [
                      0,
                      0
                    ],
                    [
                      0,
                      0
                    ],
                    [
                      0,
                      0
                    ],
                    [
                      0,
                      0
                    ],
                    [
                      0,
                      0
                    ],
                    [
                      0,
                      0
                    ],
                    [
                      0,
                      0
                    ],
                    [
                      0,
                      0
                    ],
                    [
                      0,
                      0
                    ],
                    [
                      0,
                      0
                    ],
                    [
                      0,
                      0
                    ],
                    [
                      0,
                      0
                    ],
                    [
                      0,
                      0
                    ],
                    [
                      0,
                      0
                    ],
                    [
                      0,
                      0
                    ],
                    [
                      0,
                      0
                    ],
                    [
                      0,
                      0
                    ],
                    [
                      -1.183,
                      -2.332
                    ],
                    [
                      0.317,
                      -0.291
                    ],
                    [
                      0.807,
                      -0.609
                    ],
                    [
                      0.734,
                      -1.321
                    ],
                    [
                      -0.156,
                      -0.594
                    ],
                    [
                      0.113,
                      -1.697
                    ],
                    [
                      -0.049,
                      -0.419
                    ],
                    [
                      0.119,
                      -1.901
                    ],
                    [
                      2.634,
                      -5.139
                    ],
                    [
                      -0.179,
                      0.521
                    ],
                    [
                      0,
                      0
                    ],
                    [
                      0,
                      0
                    ],
                    [
                      0.409,
                      0
                    ],
                    [
                      2.67,
                      -2.462
                    ],
                    [
                      -0.004,
                      0.12
                    ],
                    [
                      -0.193,
                      1.072
                    ],
                    [
                      -1.65,
                      0.869
                    ],
                    [
                      0,
                      0
                    ],
                    [
                      0,
                      0
                    ],
                    [
                      0.985,
                      0.385
                    ],
                    [
                      2.54,
                      0
                    ],
                    [
                      1.597,
                      -1.22
                    ],
                    [
                      1.045,
                      0
                    ],
                    [
                      0.909,
                      -0.391
                    ],
                    [
                      1.124,
                      0.896
                    ],
                    [
                      -0.513,
                      1.709
                    ],
                    [
                      -0.1,
                      0
                    ],
                    [
                      -1.647,
                      -1.646
                    ],
                    [
                      -1.305,
                      1.36
                    ],
                    [
                      0,
                      0
                    ],
                    [
                      -0.123,
                      -0.055
                    ],
                    [
                      -1.414,
                      -0.644
                    ],
                    [
                      -0.784,
                      0
                    ],
                    [
                      -0.475,
                      0.717
                    ],
                    [
                      0.695,
                      1.661
                    ],
                    [
                      -0.524,
                      0.878
                    ],
                    [
                      0.269,
                      0.473
                    ],
                    [
                      0.632,
                      0
                    ],
                    [
                      0.396,
                      -0.096
                    ],
                    [
                      0.546,
                      0
                    ],
                    [
                      0.254,
                      0.701
                    ],
                    [
                      0.535,
                      0.41
                    ],
                    [
                      1.19,
                      0
                    ],
                    [
                      0.015,
                      -0.053
                    ],
                    [
                      0.083,
                      0.09
                    ],
                    [
                      0.106,
                      1.292
                    ],
                    [
                      0.458,
                      0
                    ],
                    [
                      0.901,
                      -0.411
                    ],
                    [
                      0.065,
                      0.163
                    ],
                    [
                      0.115,
                      0.676
                    ],
                    [
                      1.587,
                      2.4
                    ],
                    [
                      1.945,
                      0
                    ],
                    [
                      0.277,
                      -0.431
                    ],
                    [
                      0.118,
                      -0.819
                    ],
                    [
                      0.005,
                      0
                    ],
                    [
                      0.48,
                      0.629
                    ],
                    [
                      0,
                      0
                    ],
                    [
                      0.472,
                      0
                    ],
                    [
                      -0.103,
                      12.386
                    ]
                  ],
                  "v": [
                    [
                      8.474,
                      26.686
                    ],
                    [
                      8.91,
                      24.086
                    ],
                    [
                      12.306,
                      21.33
                    ],
                    [
                      14.25,
                      15.266
                    ],
                    [
                      6.25,
                      15.233
                    ],
                    [
                      4.691,
                      12.411
                    ],
                    [
                      -1.113,
                      8.062
                    ],
                    [
                      -4.88,
                      8.209
                    ],
                    [
                      -8.29,
                      7.136
                    ],
                    [
                      -10.107,
                      5.883
                    ],
                    [
                      -9.594,
                      5.712
                    ],
                    [
                      -10.536,
                      5.587
                    ],
                    [
                      -11.44,
                      4.964
                    ],
                    [
                      -12.821,
                      5.284
                    ],
                    [
                      -15.189,
                      4.969
                    ],
                    [
                      -18.473,
                      6.561
                    ],
                    [
                      -18.79,
                      6.666
                    ],
                    [
                      -18.772,
                      6.731
                    ],
                    [
                      -21.627,
                      8.089
                    ],
                    [
                      -24.985,
                      12.614
                    ],
                    [
                      -27.523,
                      5.116
                    ],
                    [
                      -26.574,
                      4.333
                    ],
                    [
                      -24.124,
                      1.639
                    ],
                    [
                      -23.757,
                      -1.405
                    ],
                    [
                      -24.001,
                      -3.966
                    ],
                    [
                      -24.004,
                      -6.647
                    ],
                    [
                      -24,
                      -9.157
                    ],
                    [
                      -24.931,
                      -12.72
                    ],
                    [
                      -13.021,
                      -24.776
                    ],
                    [
                      -13.279,
                      -23.558
                    ],
                    [
                      -13.234,
                      -22.604
                    ],
                    [
                      -12.28,
                      -22.604
                    ],
                    [
                      -11.136,
                      -23.282
                    ],
                    [
                      -6.733,
                      -26.666
                    ],
                    [
                      -6.792,
                      -26.172
                    ],
                    [
                      -9.549,
                      -23.751
                    ],
                    [
                      -13.067,
                      -19.463
                    ],
                    [
                      -13.018,
                      -18.839
                    ],
                    [
                      -12.435,
                      -18.61
                    ],
                    [
                      -9.559,
                      -18.028
                    ],
                    [
                      -3.418,
                      -20.782
                    ],
                    [
                      1.648,
                      -23.154
                    ],
                    [
                      5.726,
                      -24.458
                    ],
                    [
                      8.374,
                      -25.439
                    ],
                    [
                      8.867,
                      -22.059
                    ],
                    [
                      6.511,
                      -19.073
                    ],
                    [
                      6.027,
                      -19.327
                    ],
                    [
                      0.197,
                      -19.007
                    ],
                    [
                      -1.757,
                      -13.668
                    ],
                    [
                      -1.724,
                      -13.2
                    ],
                    [
                      -2.087,
                      -13.365
                    ],
                    [
                      -5.626,
                      -14.564
                    ],
                    [
                      -6.96,
                      -13.911
                    ],
                    [
                      -6.856,
                      -11.59
                    ],
                    [
                      -7.794,
                      -7.187
                    ],
                    [
                      -8.338,
                      -4.787
                    ],
                    [
                      -6.833,
                      -4.075
                    ],
                    [
                      -3.672,
                      -4.61
                    ],
                    [
                      -2.674,
                      -4.753
                    ],
                    [
                      -1.711,
                      -3.74
                    ],
                    [
                      -0.28,
                      -1.504
                    ],
                    [
                      1.18,
                      -0.9
                    ],
                    [
                      2.907,
                      -2.652
                    ],
                    [
                      2.96,
                      -2.827
                    ],
                    [
                      3.074,
                      -2.386
                    ],
                    [
                      4.455,
                      -0.899
                    ],
                    [
                      6.517,
                      -1.559
                    ],
                    [
                      8.12,
                      -2.06
                    ],
                    [
                      8.289,
                      -1.279
                    ],
                    [
                      9.054,
                      1.013
                    ],
                    [
                      17.078,
                      5.995
                    ],
                    [
                      21.816,
                      3.257
                    ],
                    [
                      22.365,
                      1.019
                    ],
                    [
                      23.192,
                      -2.251
                    ],
                    [
                      24.901,
                      -0.644
                    ],
                    [
                      26.897,
                      0.708
                    ],
                    [
                      26.898,
                      0.708
                    ],
                    [
                      27.995,
                      0.233
                    ]
                  ],
                  "c": true
                }
              },
              "nm": "Path 1",
              "mn": "ADBE Vector Shape - Group"
            },
            {
              "ind": 1,
              "ty": "sh",
              "ks": {
                "a": 0,
                "k": {
                  "i": [
                    [
                      0,
                      13.734
                    ],
                    [
                      0.671,
                      2.488
                    ],
                    [
                      0,
                      0
                    ],
                    [
                      0,
                      0
                    ],
                    [
                      0.012,
                      0.044
                    ],
                    [
                      0.271,
                      0.731
                    ],
                    [
                      0.006,
                      0.021
                    ],
                    [
                      0.301,
                      0.657
                    ],
                    [
                      0.054,
                      0.114
                    ],
                    [
                      0.337,
                      0.6
                    ],
                    [
                      0.088,
                      0.152
                    ],
                    [
                      0.382,
                      0.563
                    ],
                    [
                      0.069,
                      0.1
                    ],
                    [
                      0.398,
                      0.499
                    ],
                    [
                      0.075,
                      0.09
                    ],
                    [
                      0.489,
                      0.518
                    ],
                    [
                      0.076,
                      0.079
                    ],
                    [
                      6.459,
                      1.095
                    ],
                    [
                      0.042,
                      0.006
                    ],
                    [
                      0.76,
                      0.067
                    ],
                    [
                      0.124,
                      0.008
                    ],
                    [
                      0.768,
                      0
                    ],
                    [
                      0.513,
                      -0.026
                    ],
                    [
                      0.007,
                      -0.001
                    ],
                    [
                      3.244,
                      -1.383
                    ],
                    [
                      0,
                      0
                    ],
                    [
                      0,
                      0
                    ],
                    [
                      0,
                      -12.178
                    ],
                    [
                      -3.848,
                      -5.044
                    ],
                    [
                      0,
                      0
                    ],
                    [
                      0,
                      0
                    ],
                    [
                      -0.147,
                      -0.181
                    ],
                    [
                      -0.08,
                      -0.095
                    ],
                    [
                      -0.105,
                      -0.121
                    ],
                    [
                      0,
                      0
                    ],
                    [
                      0,
                      0
                    ],
                    [
                      -4.412,
                      -1.778
                    ],
                    [
                      0,
                      0
                    ],
                    [
                      0,
                      0
                    ],
                    [
                      -0.059,
                      -0.022
                    ],
                    [
                      -0.183,
                      -0.065
                    ],
                    [
                      -0.259,
                      -0.083
                    ],
                    [
                      -0.208,
                      -0.06
                    ],
                    [
                      -0.246,
                      -0.065
                    ],
                    [
                      -0.213,
                      -0.052
                    ],
                    [
                      -0.253,
                      -0.056
                    ],
                    [
                      -0.211,
                      -0.041
                    ],
                    [
                      -0.268,
                      -0.045
                    ],
                    [
                      -0.203,
                      -0.028
                    ],
                    [
                      -0.287,
                      -0.033
                    ],
                    [
                      -0.192,
                      -0.019
                    ],
                    [
                      -0.323,
                      -0.02
                    ],
                    [
                      -0.16,
                      -0.007
                    ],
                    [
                      -0.487,
                      0
                    ],
                    [
                      -0.577,
                      0.032
                    ],
                    [
                      -0.182,
                      0.013
                    ],
                    [
                      -0.395,
                      0.045
                    ],
                    [
                      -0.21,
                      0.03
                    ],
                    [
                      -0.364,
                      0.063
                    ],
                    [
                      -0.215,
                      0.042
                    ],
                    [
                      -0.39,
                      0.093
                    ],
                    [
                      -0.148,
                      0.038
                    ],
                    [
                      0,
                      0
                    ],
                    [
                      0,
                      0
                    ]
                  ],
                  "o": [
                    [
                      0,
                      -2.698
                    ],
                    [
                      0,
                      0
                    ],
                    [
                      0,
                      0
                    ],
                    [
                      -0.013,
                      -0.046
                    ],
                    [
                      -0.214,
                      -0.756
                    ],
                    [
                      -0.008,
                      -0.021
                    ],
                    [
                      -0.255,
                      -0.682
                    ],
                    [
                      -0.053,
                      -0.115
                    ],
                    [
                      -0.295,
                      -0.625
                    ],
                    [
                      -0.086,
                      -0.152
                    ],
                    [
                      -0.346,
                      -0.59
                    ],
                    [
                      -0.07,
                      -0.101
                    ],
                    [
                      -0.366,
                      -0.524
                    ],
                    [
                      -0.073,
                      -0.09
                    ],
                    [
                      -0.45,
                      -0.552
                    ],
                    [
                      -0.075,
                      -0.081
                    ],
                    [
                      -4.359,
                      -4.53
                    ],
                    [
                      -0.042,
                      -0.008
                    ],
                    [
                      -0.744,
                      -0.123
                    ],
                    [
                      -0.123,
                      -0.011
                    ],
                    [
                      -0.753,
                      -0.057
                    ],
                    [
                      -0.516,
                      0
                    ],
                    [
                      -0.006,
                      0
                    ],
                    [
                      -3.521,
                      0.181
                    ],
                    [
                      0,
                      0
                    ],
                    [
                      0,
                      0
                    ],
                    [
                      -10.449,
                      4.697
                    ],
                    [
                      0,
                      6.821
                    ],
                    [
                      0,
                      0
                    ],
                    [
                      0,
                      0
                    ],
                    [
                      0.141,
                      0.183
                    ],
                    [
                      0.077,
                      0.097
                    ],
                    [
                      0.103,
                      0.124
                    ],
                    [
                      0,
                      0
                    ],
                    [
                      0,
                      0
                    ],
                    [
                      3.086,
                      3.523
                    ],
                    [
                      0,
                      0
                    ],
                    [
                      0,
                      0
                    ],
                    [
                      0.059,
                      0.022
                    ],
                    [
                      0.183,
                      0.068
                    ],
                    [
                      0.257,
                      0.09
                    ],
                    [
                      0.205,
                      0.065
                    ],
                    [
                      0.246,
                      0.073
                    ],
                    [
                      0.212,
                      0.058
                    ],
                    [
                      0.252,
                      0.063
                    ],
                    [
                      0.209,
                      0.045
                    ],
                    [
                      0.265,
                      0.052
                    ],
                    [
                      0.202,
                      0.034
                    ],
                    [
                      0.284,
                      0.042
                    ],
                    [
                      0.19,
                      0.023
                    ],
                    [
                      0.32,
                      0.03
                    ],
                    [
                      0.16,
                      0.011
                    ],
                    [
                      0.486,
                      0.024
                    ],
                    [
                      0.585,
                      0
                    ],
                    [
                      0.18,
                      -0.012
                    ],
                    [
                      0.399,
                      -0.031
                    ],
                    [
                      0.211,
                      -0.025
                    ],
                    [
                      0.366,
                      -0.05
                    ],
                    [
                      0.215,
                      -0.038
                    ],
                    [
                      0.395,
                      -0.079
                    ],
                    [
                      0.149,
                      -0.037
                    ],
                    [
                      0,
                      0
                    ],
                    [
                      0,
                      0
                    ],
                    [
                      12.613,
                      -3.546
                    ]
                  ],
                  "v": [
                    [
                      30,
                      0
                    ],
                    [
                      28.965,
                      -7.8
                    ],
                    [
                      28.966,
                      -7.808
                    ],
                    [
                      28.906,
                      -8.027
                    ],
                    [
                      28.864,
                      -8.159
                    ],
                    [
                      28.142,
                      -10.392
                    ],
                    [
                      28.119,
                      -10.454
                    ],
                    [
                      27.279,
                      -12.461
                    ],
                    [
                      27.123,
                      -12.805
                    ],
                    [
                      26.17,
                      -14.642
                    ],
                    [
                      25.908,
                      -15.098
                    ],
                    [
                      24.821,
                      -16.831
                    ],
                    [
                      24.609,
                      -17.128
                    ],
                    [
                      23.463,
                      -18.663
                    ],
                    [
                      23.246,
                      -18.938
                    ],
                    [
                      21.835,
                      -20.54
                    ],
                    [
                      21.608,
                      -20.779
                    ],
                    [
                      5.031,
                      -29.569
                    ],
                    [
                      4.906,
                      -29.591
                    ],
                    [
                      2.651,
                      -29.876
                    ],
                    [
                      2.281,
                      -29.903
                    ],
                    [
                      0,
                      -30
                    ],
                    [
                      -1.541,
                      -29.96
                    ],
                    [
                      -1.563,
                      -29.959
                    ],
                    [
                      -11.746,
                      -27.61
                    ],
                    [
                      -12.25,
                      -27.396
                    ],
                    [
                      -12.253,
                      -27.373
                    ],
                    [
                      -30,
                      0
                    ],
                    [
                      -23.86,
                      18.157
                    ],
                    [
                      -23.854,
                      18.184
                    ],
                    [
                      -23.717,
                      18.36
                    ],
                    [
                      -23.276,
                      18.899
                    ],
                    [
                      -23.041,
                      19.187
                    ],
                    [
                      -22.734,
                      19.561
                    ],
                    [
                      -22.596,
                      19.723
                    ],
                    [
                      -22.564,
                      19.738
                    ],
                    [
                      -11.172,
                      27.834
                    ],
                    [
                      -11.17,
                      27.851
                    ],
                    [
                      -10.62,
                      28.06
                    ],
                    [
                      -10.442,
                      28.123
                    ],
                    [
                      -9.893,
                      28.317
                    ],
                    [
                      -9.12,
                      28.579
                    ],
                    [
                      -8.5,
                      28.766
                    ],
                    [
                      -7.761,
                      28.976
                    ],
                    [
                      -7.124,
                      29.138
                    ],
                    [
                      -6.366,
                      29.315
                    ],
                    [
                      -5.737,
                      29.444
                    ],
                    [
                      -4.937,
                      29.587
                    ],
                    [
                      -4.331,
                      29.683
                    ],
                    [
                      -3.474,
                      29.792
                    ],
                    [
                      -2.903,
                      29.858
                    ],
                    [
                      -1.938,
                      29.931
                    ],
                    [
                      -1.46,
                      29.963
                    ],
                    [
                      0,
                      30
                    ],
                    [
                      1.741,
                      29.947
                    ],
                    [
                      2.282,
                      29.905
                    ],
                    [
                      3.474,
                      29.793
                    ],
                    [
                      4.107,
                      29.712
                    ],
                    [
                      5.202,
                      29.54
                    ],
                    [
                      5.848,
                      29.424
                    ],
                    [
                      7.022,
                      29.163
                    ],
                    [
                      7.472,
                      29.062
                    ],
                    [
                      8.103,
                      28.901
                    ],
                    [
                      8.108,
                      28.878
                    ]
                  ],
                  "c": true
                }
              },
              "nm": "Path 2",
              "mn": "ADBE Vector Shape - Group"
            },
            {
              "ty": "mm",
              "mm": 1,
              "nm": "Merge Paths 1",
              "mn": "ADBE Vector Filter - Merge"
            },
            {
              "ty": "mm",
              "mm": 4,
              "nm": "Merge Paths 2",
              "mn": "ADBE Vector Filter - Merge"
            },
            {
              "ty": "fl",
              "c": {
                "a": 0,
                "k": [
                  0.145,
                  0.741,
                  0.094,
                  1
                ]
              },
              "o": {
                "a": 0,
                "k": 100
              },
              "r": 1,
              "nm": "Fill 1",
              "mn": "ADBE Vector Graphic - Fill"
            },
            {
              "ty": "tr",
              "p": {
                "a": 0,
                "k": [
                  30,
                  30
                ],
                "ix": 2
              },
              "a": {
                "a": 0,
                "k": [
                  0,
                  0
                ],
                "ix": 1
              },
              "s": {
                "a": 0,
                "k": [
                  100,
                  100
                ],
                "ix": 3
              },
              "r": {
                "a": 0,
                "k": 0,
                "ix": 6
              },
              "o": {
                "a": 0,
                "k": 100,
                "ix": 7
              },
              "sk": {
                "a": 0,
                "k": 0,
                "ix": 4
              },
              "sa": {
                "a": 0,
                "k": 0,
                "ix": 5
              },
              "nm": "Transform"
            }
          ],
          "nm": "Group 1",
          "np": 5,
          "mn": "ADBE Vector Group"
        }
      ],
      "ip": 0,
      "op": 900.000036657751,
      "st": 0,
      "bm": 0,
      "sr": 1
    },
    {
      "ddd": 0,
      "ind": 1,
      "ty": 4,
      "nm": "Plane Outline",
      "ks": {
        "o": {
          "a": 0,
          "k": 100
        },
        "r": {
          "a": 1,
          "k": [
            {
              "i": {
                "x": [
                  0.667
                ],
                "y": [
                  1
                ]
              },
              "o": {
                "x": [
                  0.333
                ],
                "y": [
                  0
                ]
              },
              "n": [
                "0p667_1_0p333_0"
              ],
              "t": 0,
              "s": [
                0
              ],
              "e": [
                359
              ]
            },
            {
              "t": 87.0000035435826
            }
          ]
        },
        "p": {
          "a": 0,
          "k": [
            175,
            175,
            0
          ]
        },
        "a": {
          "a": 1,
          "k": [
            {
              "i": {
                "x": 0.833,
                "y": 0.833
              },
              "o": {
                "x": 0.167,
                "y": 0.167
              },
              "n": "0p833_0p833_0p167_0p167",
              "t": 16,
              "s": [
                174.42,
                246.5,
                0
              ],
              "e": [
                174.42,
                232.5,
                0
              ],
              "to": [
                0,
                -2.33333325386047,
                0
              ],
              "ti": [
                0,
                0,
                0
              ]
            },
            {
              "i": {
                "x": 0.833,
                "y": 0.833
              },
              "o": {
                "x": 0.167,
                "y": 0.167
              },
              "n": "0p833_0p833_0p167_0p167",
              "t": 43,
              "s": [
                174.42,
                232.5,
                0
              ],
              "e": [
                174.42,
                246.5,
                0
              ],
              "to": [
                0,
                0,
                0
              ],
              "ti": [
                0,
                -2.33333325386047,
                0
              ]
            },
            {
              "t": 69.0000028104276
            }
          ]
        },
        "s": {
          "a": 1,
          "k": [
            {
              "i": {
                "x": [
                  0.833,
                  0.833,
                  0.833
                ],
                "y": [
                  0.833,
                  0.833,
                  0.833
                ]
              },
              "o": {
                "x": [
                  0.167,
                  0.167,
                  0.167
                ],
                "y": [
                  0.167,
                  0.167,
                  0.167
                ]
              },
              "n": [
                "0p833_0p833_0p167_0p167",
                "0p833_0p833_0p167_0p167",
                "0p833_0p833_0p167_0p167"
              ],
              "t": 16,
              "s": [
                150,
                150,
                100
              ],
              "e": [
                186,
                186,
                100
              ]
            },
            {
              "i": {
                "x": [
                  0.833,
                  0.833,
                  0.833
                ],
                "y": [
                  0.833,
                  0.833,
                  0.833
                ]
              },
              "o": {
                "x": [
                  0.167,
                  0.167,
                  0.167
                ],
                "y": [
                  0.167,
                  0.167,
                  0.167
                ]
              },
              "n": [
                "0p833_0p833_0p167_0p167",
                "0p833_0p833_0p167_0p167",
                "0p833_0p833_0p167_0p167"
              ],
              "t": 43,
              "s": [
                186,
                186,
                100
              ],
              "e": [
                150,
                150,
                100
              ]
            },
            {
              "t": 69.0000028104276
            }
          ]
        }
      },
      "ao": 0,
      "shapes": [
        {
          "ty": "gr",
          "it": [
            {
              "ind": 0,
              "ty": "sh",
              "ks": {
                "a": 0,
                "k": {
                  "i": [
                    [
                      0,
                      0
                    ],
                    [
                      0,
                      0
                    ],
                    [
                      0,
                      0
                    ],
                    [
                      0,
                      0
                    ],
                    [
                      -10.521,
                      3.811
                    ],
                    [
                      -0.007,
                      5.58
                    ],
                    [
                      5.236,
                      1.909
                    ],
                    [
                      11.201,
                      0
                    ],
                    [
                      0,
                      0
                    ],
                    [
                      0,
                      0
                    ],
                    [
                      0,
                      0
                    ],
                    [
                      0,
                      0
                    ],
                    [
                      0,
                      0
                    ],
                    [
                      1.132,
                      0
                    ],
                    [
                      0,
                      0
                    ],
                    [
                      0.676,
                      -0.952
                    ],
                    [
                      0,
                      -0.745
                    ],
                    [
                      -0.134,
                      -0.383
                    ],
                    [
                      0,
                      0
                    ],
                    [
                      0,
                      0
                    ],
                    [
                      0,
                      0
                    ],
                    [
                      1.458,
                      0
                    ],
                    [
                      0,
                      0
                    ],
                    [
                      0.673,
                      -1.006
                    ],
                    [
                      -0.466,
                      -1.118
                    ],
                    [
                      0,
                      0
                    ],
                    [
                      0,
                      0
                    ],
                    [
                      0,
                      0
                    ],
                    [
                      0,
                      0
                    ],
                    [
                      0,
                      -0.469
                    ],
                    [
                      -0.401,
                      -0.604
                    ],
                    [
                      -1.208,
                      0
                    ],
                    [
                      0,
                      0
                    ],
                    [
                      -0.561,
                      1.346
                    ],
                    [
                      0,
                      0
                    ],
                    [
                      0,
                      0
                    ],
                    [
                      0,
                      0
                    ],
                    [
                      0,
                      -0.395
                    ],
                    [
                      -0.445,
                      -0.618
                    ],
                    [
                      -1.168,
                      0
                    ],
                    [
                      0,
                      0
                    ],
                    [
                      -0.687,
                      0.905
                    ]
                  ],
                  "o": [
                    [
                      0,
                      0
                    ],
                    [
                      0,
                      0
                    ],
                    [
                      0,
                      0
                    ],
                    [
                      11.125,
                      0
                    ],
                    [
                      5.248,
                      -1.903
                    ],
                    [
                      0,
                      -5.588
                    ],
                    [
                      -10.514,
                      -3.838
                    ],
                    [
                      0,
                      0
                    ],
                    [
                      0,
                      0
                    ],
                    [
                      0,
                      0
                    ],
                    [
                      0,
                      0
                    ],
                    [
                      0,
                      0
                    ],
                    [
                      -0.687,
                      -0.901
                    ],
                    [
                      0,
                      0
                    ],
                    [
                      -1.168,
                      0
                    ],
                    [
                      -0.445,
                      0.622
                    ],
                    [
                      0,
                      0.394
                    ],
                    [
                      0,
                      0
                    ],
                    [
                      0,
                      0
                    ],
                    [
                      0,
                      0
                    ],
                    [
                      -0.561,
                      -1.346
                    ],
                    [
                      0,
                      0
                    ],
                    [
                      -1.208,
                      0
                    ],
                    [
                      -0.676,
                      1.009
                    ],
                    [
                      0,
                      0
                    ],
                    [
                      0,
                      0
                    ],
                    [
                      0,
                      0
                    ],
                    [
                      0,
                      0
                    ],
                    [
                      -0.188,
                      0.448
                    ],
                    [
                      0,
                      0.703
                    ],
                    [
                      0.673,
                      1.005
                    ],
                    [
                      0,
                      0
                    ],
                    [
                      1.458,
                      0
                    ],
                    [
                      0,
                      0
                    ],
                    [
                      0,
                      0
                    ],
                    [
                      0,
                      0
                    ],
                    [
                      -0.134,
                      0.383
                    ],
                    [
                      0,
                      0.741
                    ],
                    [
                      0.676,
                      0.956
                    ],
                    [
                      0,
                      0
                    ],
                    [
                      1.132,
                      0
                    ],
                    [
                      0,
                      0
                    ]
                  ],
                  "v": [
                    [
                      -6.09,
                      90.416
                    ],
                    [
                      21.346,
                      54.25
                    ],
                    [
                      48.785,
                      18.076
                    ],
                    [
                      67.356,
                      18.083
                    ],
                    [
                      99.946,
                      12.348
                    ],
                    [
                      108.593,
                      0.033
                    ],
                    [
                      99.975,
                      -12.3
                    ],
                    [
                      67.252,
                      -18.083
                    ],
                    [
                      48.778,
                      -18.09
                    ],
                    [
                      21.346,
                      -54.25
                    ],
                    [
                      10.944,
                      -68.716
                    ],
                    [
                      -6.09,
                      -90.417
                    ],
                    [
                      -18.724,
                      -107.071
                    ],
                    [
                      -21.606,
                      -108.5
                    ],
                    [
                      -43.306,
                      -108.5
                    ],
                    [
                      -46.25,
                      -106.984
                    ],
                    [
                      -46.923,
                      -104.883
                    ],
                    [
                      -46.724,
                      -103.704
                    ],
                    [
                      -17.212,
                      -18.112
                    ],
                    [
                      -68.641,
                      -15.053
                    ],
                    [
                      -90.751,
                      -44.792
                    ],
                    [
                      -94.09,
                      -47.017
                    ],
                    [
                      -104.788,
                      -47.017
                    ],
                    [
                      -107.799,
                      -45.407
                    ],
                    [
                      -108.128,
                      -42.007
                    ],
                    [
                      -94.462,
                      -5.212
                    ],
                    [
                      -97.408,
                      0.5
                    ],
                    [
                      -94.408,
                      6.5
                    ],
                    [
                      -108.128,
                      42.008
                    ],
                    [
                      -108.406,
                      43.399
                    ],
                    [
                      -107.799,
                      45.407
                    ],
                    [
                      -104.788,
                      47.017
                    ],
                    [
                      -94.09,
                      47.017
                    ],
                    [
                      -90.751,
                      44.792
                    ],
                    [
                      -68.641,
                      15.396
                    ],
                    [
                      -17.19,
                      18.055
                    ],
                    [
                      -46.724,
                      103.704
                    ],
                    [
                      -46.923,
                      104.883
                    ],
                    [
                      -46.25,
                      106.98
                    ],
                    [
                      -43.306,
                      108.5
                    ],
                    [
                      -21.606,
                      108.5
                    ],
                    [
                      -18.724,
                      107.067
                    ]
                  ],
                  "c": true
                }
              },
              "nm": "Path 1",
              "mn": "ADBE Vector Shape - Group"
            },
            {
              "ty": "fl",
              "c": {
                "a": 0,
                "k": [
                  0.545,
                  0.545,
                  0.545,
                  1
                ]
              },
              "o": {
                "a": 0,
                "k": 100
              },
              "r": 1,
              "nm": "Fill 1",
              "mn": "ADBE Vector Graphic - Fill"
            },
            {
              "ty": "tr",
              "p": {
                "a": 0,
                "k": [
                  174.407,
                  174.5
                ],
                "ix": 2
              },
              "a": {
                "a": 0,
                "k": [
                  0,
                  0
                ],
                "ix": 1
              },
              "s": {
                "a": 0,
                "k": [
                  13.48,
                  13.48
                ],
                "ix": 3
              },
              "r": {
                "a": 0,
                "k": 0,
                "ix": 6
              },
              "o": {
                "a": 0,
                "k": 100,
                "ix": 7
              },
              "sk": {
                "a": 0,
                "k": 0,
                "ix": 4
              },
              "sa": {
                "a": 0,
                "k": 0,
                "ix": 5
              },
              "nm": "Transform"
            }
          ],
          "nm": "Group 1",
          "np": 2,
          "mn": "ADBE Vector Group"
        }
      ],
      "ip": 0,
      "op": 900.000036657751,
      "st": 0,
      "bm": 0,
      "sr": 1
    }
  ]
}