{
  "v": "4.6.0",
  "fr": 30,
  "ip": 0,
  "op": 41,
  "w": 400,
  "h": 300,
  "nm": "Loader",
  "ddd": 0,
  "assets": [],
  "layers": [
    {
      "ddd": 0,
      "ind": 1,
      "ty": 4,
      "nm": "Left",
      "ks": {
        "o": {
          "a": 0,
          "k": 100
        },
        "r": {
          "a": 1,
          "k": [
            {
              "i": {
                "x": [
                  0
                ],
                "y": [
                  1
                ]
              },
              "o": {
                "x": [
                  0.167
                ],
                "y": [
                  0.167
                ]
              },
              "n": [
                "0_1_0p167_0p167"
              ],
              "t": 12,
              "s": [
                0
              ],
              "e": [
                45
              ]
            },
            {
              "i": {
                "x": [
                  0.833
                ],
                "y": [
                  0.833
                ]
              },
              "o": {
                "x": [
                  1
                ],
                "y": [
                  0
                ]
              },
              "n": [
                "0p833_0p833_1_0"
              ],
              "t": 20,
              "s": [
                45
              ],
              "e": [
                0
              ]
            },
            {
              "t": 28
            }
          ]
        },
        "p": {
          "s": true,
          "x": {
            "a": 1,
            "k": [
              {
                "i": {
                  "x": [
                    0.833
                  ],
                  "y": [
                    0.833
                  ]
                },
                "o": {
                  "x": [
                    0.15
                  ],
                  "y": [
                    0.167
                  ]
                },
                "n": [
                  "0p833_0p833_0p15_0p167"
                ],
                "t": 28,
                "s": [
                  184
                ],
                "e": [
                  190
                ]
              },
              {
                "i": {
                  "x": [
                    0.85
                  ],
                  "y": [
                    0.833
                  ]
                },
                "o": {
                  "x": [
                    0.167
                  ],
                  "y": [
                    0.167
                  ]
                },
                "n": [
                  "0p85_0p833_0p167_0p167"
                ],
                "t": 30,
                "s": [
                  190
                ],
                "e": [
                  184
                ]
              },
              {
                "t": 32
              }
            ]
          },
          "y": {
            "a": 0,
            "k": 114
          }
        },
        "a": {
          "a": 0,
          "k": [
            0,
            -24,
            0
          ]
        },
        "s": {
          "a": 0,
          "k": [
            150,
            150,
            100
          ]
        }
      },
      "ao": 0,
      "shapes": [
        {
          "ty": "gr",
          "it": [
            {
              "d": 1,
              "ty": "el",
              "s": {
                "a": 0,
                "k": [
                  8,
                  8
                ]
              },
              "p": {
                "a": 0,
                "k": [
                  0,
                  0
                ]
              },
              "nm": "Ellipse Path 1",
              "mn": "ADBE Vector Shape - Ellipse"
            },
            {
              "ty": "fl",
              "c": {
                "a": 1,
                "k": [
                  {
                    "t": 0,
                    "s": [
                      0.6980392,
                      0.1490196,
                      0.2039216,
                      1
                    ],
                    "h": 1
                  },
                  {
                    "t": 12,
                    "s": [
                      0.9333333,
                      0.1921569,
                      0.2392157,
                      1
                    ],
                    "h": 1
                  },
                  {
                    "t": 30,
                    "s": [
                      0.6980392,
                      0.1490196,
                      0.2039216,
                      1
                    ],
                    "h": 1
                  }
                ]
              },
              "o": {
                "a": 0,
                "k": 100
              },
              "r": 1,
              "nm": "Fill 1",
              "mn": "ADBE Vector Graphic - Fill"
            },
            {
              "ty": "tr",
              "p": {
                "a": 0,
                "k": [
                  0,
                  0
                ],
                "ix": 2
              },
              "a": {
                "a": 0,
                "k": [
                  0,
                  0
                ],
                "ix": 1
              },
              "s": {
                "a": 1,
                "k": [
                  {
                    "i": {
                      "x": [
                        0,
                        0
                      ],
                      "y": [
                        1,
                        1
                      ]
                    },
                    "o": {
                      "x": [
                        0.167,
                        0.167
                      ],
                      "y": [
                        0.167,
                        0.167
                      ]
                    },
                    "n": [
                      "0_1_0p167_0p167",
                      "0_1_0p167_0p167"
                    ],
                    "t": 12,
                    "s": [
                      100,
                      100
                    ],
                    "e": [
                      125,
                      75
                    ]
                  },
                  {
                    "i": {
                      "x": [
                        0,
                        0
                      ],
                      "y": [
                        1,
                        1
                      ]
                    },
                    "o": {
                      "x": [
                        0.167,
                        0.167
                      ],
                      "y": [
                        0.167,
                        0.167
                      ]
                    },
                    "n": [
                      "0_1_0p167_0p167",
                      "0_1_0p167_0p167"
                    ],
                    "t": 14,
                    "s": [
                      125,
                      75
                    ],
                    "e": [
                      100,
                      100
                    ]
                  },
                  {
                    "i": {
                      "x": [
                        0.833,
                        0.833
                      ],
                      "y": [
                        0.833,
                        0.833
                      ]
                    },
                    "o": {
                      "x": [
                        0.167,
                        0.167
                      ],
                      "y": [
                        0.167,
                        0.167
                      ]
                    },
                    "n": [
                      "0p833_0p833_0p167_0p167",
                      "0p833_0p833_0p167_0p167"
                    ],
                    "t": 20,
                    "s": [
                      100,
                      100
                    ],
                    "e": [
                      125,
                      75
                    ]
                  },
                  {
                    "i": {
                      "x": [
                        0.833,
                        0.833
                      ],
                      "y": [
                        0.833,
                        0.833
                      ]
                    },
                    "o": {
                      "x": [
                        0.167,
                        0.167
                      ],
                      "y": [
                        0.167,
                        0.167
                      ]
                    },
                    "n": [
                      "0p833_0p833_0p167_0p167",
                      "0p833_0p833_0p167_0p167"
                    ],
                    "t": 28,
                    "s": [
                      125,
                      75
                    ],
                    "e": [
                      75,
                      125
                    ]
                  },
                  {
                    "i": {
                      "x": [
                        0.833,
                        0.833
                      ],
                      "y": [
                        0.833,
                        0.833
                      ]
                    },
                    "o": {
                      "x": [
                        0.167,
                        0.167
                      ],
                      "y": [
                        0.167,
                        0.167
                      ]
                    },
                    "n": [
                      "0p833_0p833_0p167_0p167",
                      "0p833_0p833_0p167_0p167"
                    ],
                    "t": 30,
                    "s": [
                      75,
                      125
                    ],
                    "e": [
                      100,
                      100
                    ]
                  },
                  {
                    "t": 32
                  }
                ],
                "ix": 3
              },
              "r": {
                "a": 0,
                "k": 0,
                "ix": 6
              },
              "o": {
                "a": 0,
                "k": 100,
                "ix": 7
              },
              "sk": {
                "a": 0,
                "k": 0,
                "ix": 4
              },
              "sa": {
                "a": 0,
                "k": 0,
                "ix": 5
              },
              "nm": "Transform"
            }
          ],
          "nm": "Ellipse",
          "np": 2,
          "mn": "ADBE Vector Group"
        }
      ],
      "ip": 0,
      "op": 41,
      "st": 0,
      "bm": 0,
      "sr": 1
    },
    {
      "ddd": 0,
      "ind": 2,
      "ty": 4,
      "nm": "Middle",
      "ks": {
        "o": {
          "a": 0,
          "k": 100
        },
        "r": {
          "a": 0,
          "k": 0
        },
        "p": {
          "s": true,
          "x": {
            "a": 1,
            "k": [
              {
                "i": {
                  "x": [
                    0.833
                  ],
                  "y": [
                    0.833
                  ]
                },
                "o": {
                  "x": [
                    0.15
                  ],
                  "y": [
                    0.167
                  ]
                },
                "n": [
                  "0p833_0p833_0p15_0p167"
                ],
                "t": 10,
                "s": [
                  200
                ],
                "e": [
                  196
                ]
              },
              {
                "i": {
                  "x": [
                    0.85
                  ],
                  "y": [
                    0.833
                  ]
                },
                "o": {
                  "x": [
                    0.167
                  ],
                  "y": [
                    0.167
                  ]
                },
                "n": [
                  "0p85_0p833_0p167_0p167"
                ],
                "t": 12,
                "s": [
                  196
                ],
                "e": [
                  200
                ]
              },
              {
                "i": {
                  "x": [
                    0.833
                  ],
                  "y": [
                    0.833
                  ]
                },
                "o": {
                  "x": [
                    0.167
                  ],
                  "y": [
                    0.167
                  ]
                },
                "n": [
                  "0p833_0p833_0p167_0p167"
                ],
                "t": 14,
                "s": [
                  200
                ],
                "e": [
                  200
                ]
              },
              {
                "i": {
                  "x": [
                    0.833
                  ],
                  "y": [
                    0.833
                  ]
                },
                "o": {
                  "x": [
                    0.15
                  ],
                  "y": [
                    0.167
                  ]
                },
                "n": [
                  "0p833_0p833_0p15_0p167"
                ],
                "t": 30,
                "s": [
                  200
                ],
                "e": [
                  204
                ]
              },
              {
                "i": {
                  "x": [
                    0.85
                  ],
                  "y": [
                    0.833
                  ]
                },
                "o": {
                  "x": [
                    0.167
                  ],
                  "y": [
                    0.167
                  ]
                },
                "n": [
                  "0p85_0p833_0p167_0p167"
                ],
                "t": 32,
                "s": [
                  204
                ],
                "e": [
                  200
                ]
              },
              {
                "t": 34
              }
            ]
          },
          "y": {
            "a": 0,
            "k": 114
          }
        },
        "a": {
          "a": 0,
          "k": [
            0,
            -24,
            0
          ]
        },
        "s": {
          "a": 0,
          "k": [
            150,
            150,
            100
          ]
        }
      },
      "ao": 0,
      "shapes": [
        {
          "ty": "gr",
          "it": [
            {
              "d": 1,
              "ty": "el",
              "s": {
                "a": 0,
                "k": [
                  8,
                  8
                ]
              },
              "p": {
                "a": 0,
                "k": [
                  0,
                  0
                ]
              },
              "nm": "Ellipse Path 1",
              "mn": "ADBE Vector Shape - Ellipse"
            },
            {
              "ty": "fl",
              "c": {
                "a": 1,
                "k": [
                  {
                    "t": 0,
                    "s": [
                      0.6980392,
                      0.1490196,
                      0.2039216,
                      1
                    ],
                    "h": 1
                  },
                  {
                    "t": 10,
                    "s": [
                      0.9333333,
                      0.1921569,
                      0.2392157,
                      1
                    ],
                    "h": 1
                  },
                  {
                    "t": 12,
                    "s": [
                      0.6980392,
                      0.1490196,
                      0.2039216,
                      1
                    ],
                    "h": 1
                  },
                  {
                    "t": 30,
                    "s": [
                      0.9333333,
                      0.1921569,
                      0.2392157,
                      1
                    ],
                    "h": 1
                  },
                  {
                    "t": 32,
                    "s": [
                      0.6980392,
                      0.1490196,
                      0.2039216,
                      1
                    ],
                    "h": 1
                  }
                ]
              },
              "o": {
                "a": 0,
                "k": 100
              },
              "r": 1,
              "nm": "Fill 1",
              "mn": "ADBE Vector Graphic - Fill"
            },
            {
              "ty": "tr",
              "p": {
                "a": 0,
                "k": [
                  0,
                  0
                ],
                "ix": 2
              },
              "a": {
                "a": 0,
                "k": [
                  0,
                  0
                ],
                "ix": 1
              },
              "s": {
                "a": 0,
                "k": [
                  100,
                  100
                ],
                "ix": 3
              },
              "r": {
                "a": 0,
                "k": 0,
                "ix": 6
              },
              "o": {
                "a": 0,
                "k": 100,
                "ix": 7
              },
              "sk": {
                "a": 0,
                "k": 0,
                "ix": 4
              },
              "sa": {
                "a": 0,
                "k": 0,
                "ix": 5
              },
              "nm": "Transform"
            }
          ],
          "nm": "Ellipse",
          "np": 2,
          "mn": "ADBE Vector Group"
        }
      ],
      "ip": 0,
      "op": 41,
      "st": 0,
      "bm": 0,
      "sr": 1
    },
    {
      "ddd": 0,
      "ind": 3,
      "ty": 4,
      "nm": "Right",
      "ks": {
        "o": {
          "a": 0,
          "k": 100
        },
        "r": {
          "a": 1,
          "k": [
            {
              "i": {
                "x": [
                  0.833
                ],
                "y": [
                  0.833
                ]
              },
              "o": {
                "x": [
                  1
                ],
                "y": [
                  0
                ]
              },
              "n": [
                "0p833_0p833_1_0"
              ],
              "t": 0,
              "s": [
                -45
              ],
              "e": [
                0
              ]
            },
            {
              "i": {
                "x": [
                  0.833
                ],
                "y": [
                  0.833
                ]
              },
              "o": {
                "x": [
                  0.167
                ],
                "y": [
                  0.167
                ]
              },
              "n": [
                "0p833_0p833_0p167_0p167"
              ],
              "t": 8,
              "s": [
                0
              ],
              "e": [
                0
              ]
            },
            {
              "i": {
                "x": [
                  0
                ],
                "y": [
                  1
                ]
              },
              "o": {
                "x": [
                  0.167
                ],
                "y": [
                  0.167
                ]
              },
              "n": [
                "0_1_0p167_0p167"
              ],
              "t": 32,
              "s": [
                0
              ],
              "e": [
                -45
              ]
            },
            {
              "t": 40
            }
          ]
        },
        "p": {
          "s": true,
          "x": {
            "a": 1,
            "k": [
              {
                "i": {
                  "x": [
                    0.833
                  ],
                  "y": [
                    0.833
                  ]
                },
                "o": {
                  "x": [
                    0.15
                  ],
                  "y": [
                    0.167
                  ]
                },
                "n": [
                  "0p833_0p833_0p15_0p167"
                ],
                "t": 8,
                "s": [
                  216
                ],
                "e": [
                  210
                ]
              },
              {
                "i": {
                  "x": [
                    0.85
                  ],
                  "y": [
                    0.833
                  ]
                },
                "o": {
                  "x": [
                    0.167
                  ],
                  "y": [
                    0.167
                  ]
                },
                "n": [
                  "0p85_0p833_0p167_0p167"
                ],
                "t": 10,
                "s": [
                  210
                ],
                "e": [
                  216
                ]
              },
              {
                "t": 12
              }
            ]
          },
          "y": {
            "a": 0,
            "k": 114
          }
        },
        "a": {
          "a": 0,
          "k": [
            0,
            -24,
            0
          ]
        },
        "s": {
          "a": 0,
          "k": [
            150,
            150,
            100
          ]
        }
      },
      "ao": 0,
      "ef": [
        {
          "ty": 5,
          "nm": "Puppet",
          "mn": "ADBE FreePin3",
          "ix": 1,
          "en": 1,
          "ef": [
            {
              "ty": 7,
              "nm": "On Transparent",
              "mn": "ADBE FreePin3 On Transparent",
              "ix": 1,
              "v": {
                "a": 0,
                "k": 0
              }
            }
          ]
        }
      ],
      "shapes": [
        {
          "ty": "gr",
          "it": [
            {
              "d": 1,
              "ty": "el",
              "s": {
                "a": 0,
                "k": [
                  8,
                  8
                ]
              },
              "p": {
                "a": 0,
                "k": [
                  0,
                  0
                ]
              },
              "nm": "Ellipse Path 1",
              "mn": "ADBE Vector Shape - Ellipse"
            },
            {
              "ty": "fl",
              "c": {
                "a": 1,
                "k": [
                  {
                    "t": 0,
                    "s": [
                      0.9333333,
                      0.1921569,
                      0.2392157,
                      1
                    ],
                    "h": 1
                  },
                  {
                    "t": 10,
                    "s": [
                      0.6980392,
                      0.1490196,
                      0.2039216,
                      1
                    ],
                    "h": 1
                  },
                  {
                    "t": 32,
                    "s": [
                      0.9333333,
                      0.1921569,
                      0.2392157,
                      1
                    ],
                    "h": 1
                  }
                ]
              },
              "o": {
                "a": 0,
                "k": 100
              },
              "r": 1,
              "nm": "Fill 1",
              "mn": "ADBE Vector Graphic - Fill"
            },
            {
              "ty": "tr",
              "p": {
                "a": 0,
                "k": [
                  0,
                  0
                ],
                "ix": 2
              },
              "a": {
                "a": 0,
                "k": [
                  0,
                  0
                ],
                "ix": 1
              },
              "s": {
                "a": 1,
                "k": [
                  {
                    "i": {
                      "x": [
                        0.833,
                        0.833
                      ],
                      "y": [
                        0.833,
                        0.833
                      ]
                    },
                    "o": {
                      "x": [
                        1,
                        1
                      ],
                      "y": [
                        0,
                        0
                      ]
                    },
                    "n": [
                      "0p833_0p833_1_0",
                      "0p833_0p833_1_0"
                    ],
                    "t": 0,
                    "s": [
                      100,
                      100
                    ],
                    "e": [
                      125,
                      75
                    ]
                  },
                  {
                    "i": {
                      "x": [
                        0.833,
                        0.833
                      ],
                      "y": [
                        0.833,
                        0.833
                      ]
                    },
                    "o": {
                      "x": [
                        0.167,
                        0.167
                      ],
                      "y": [
                        0.167,
                        0.167
                      ]
                    },
                    "n": [
                      "0p833_0p833_0p167_0p167",
                      "0p833_0p833_0p167_0p167"
                    ],
                    "t": 8,
                    "s": [
                      125,
                      75
                    ],
                    "e": [
                      75,
                      125
                    ]
                  },
                  {
                    "i": {
                      "x": [
                        0.833,
                        0.833
                      ],
                      "y": [
                        0.833,
                        0.833
                      ]
                    },
                    "o": {
                      "x": [
                        0.167,
                        0.167
                      ],
                      "y": [
                        0.167,
                        0.167
                      ]
                    },
                    "n": [
                      "0p833_0p833_0p167_0p167",
                      "0p833_0p833_0p167_0p167"
                    ],
                    "t": 10,
                    "s": [
                      75,
                      125
                    ],
                    "e": [
                      100,
                      100
                    ]
                  },
                  {
                    "i": {
                      "x": [
                        0.833,
                        0.833
                      ],
                      "y": [
                        0.833,
                        0.833
                      ]
                    },
                    "o": {
                      "x": [
                        0.167,
                        0.167
                      ],
                      "y": [
                        0.167,
                        0.167
                      ]
                    },
                    "n": [
                      "0p833_0p833_0p167_0p167",
                      "0p833_0p833_0p167_0p167"
                    ],
                    "t": 12,
                    "s": [
                      100,
                      100
                    ],
                    "e": [
                      100,
                      100
                    ]
                  },
                  {
                    "i": {
                      "x": [
                        0,
                        0
                      ],
                      "y": [
                        1,
                        1
                      ]
                    },
                    "o": {
                      "x": [
                        0.167,
                        0.167
                      ],
                      "y": [
                        0.167,
                        0.167
                      ]
                    },
                    "n": [
                      "0_1_0p167_0p167",
                      "0_1_0p167_0p167"
                    ],
                    "t": 32,
                    "s": [
                      100,
                      100
                    ],
                    "e": [
                      125,
                      75
                    ]
                  },
                  {
                    "i": {
                      "x": [
                        0,
                        0
                      ],
                      "y": [
                        1,
                        1
                      ]
                    },
                    "o": {
                      "x": [
                        0.167,
                        0.167
                      ],
                      "y": [
                        0.167,
                        0.167
                      ]
                    },
                    "n": [
                      "0_1_0p167_0p167",
                      "0_1_0p167_0p167"
                    ],
                    "t": 34,
                    "s": [
                      125,
                      75
                    ],
                    "e": [
                      100,
                      100
                    ]
                  },
                  {
                    "t": 40
                  }
                ],
                "ix": 3
              },
              "r": {
                "a": 0,
                "k": 0,
                "ix": 6
              },
              "o": {
                "a": 0,
                "k": 100,
                "ix": 7
              },
              "sk": {
                "a": 0,
                "k": 0,
                "ix": 4
              },
              "sa": {
                "a": 0,
                "k": 0,
                "ix": 5
              },
              "nm": "Transform"
            }
          ],
          "nm": "Ellipse",
          "np": 2,
          "mn": "ADBE Vector Group"
        }
      ],
      "ip": 0,
      "op": 41,
      "st": 0,
      "bm": 0,
      "sr": 1
    },
    {
      "ddd": 0,
      "ind": 4,
      "ty": 1,
      "nm": "Solid",
      "ks": {
        "o": {
          "a": 0,
          "k": 100
        },
        "r": {
          "a": 0,
          "k": 0
        },
        "p": {
          "a": 0,
          "k": [
            200,
            150,
            0
          ]
        },
        "a": {
          "a": 0,
          "k": [
            200,
            150,
            0
          ]
        },
        "s": {
          "a": 0,
          "k": [
            100,
            100,
            100
          ]
        }
      },
      "ao": 0,
      "sw": 400,
      "sh": 300,
      "sc": "#00ffffff",
      "ip": 0,
      "op": 41,
      "st": 0,
      "bm": 0,
      "sr": 1
    }
  ]
}