[{"defineAdditionalVar":"","varName":"SpriteBatch","imports":"","name":"SpriteBatch","typeName":"SpriteBatch","icon":"2131165191","description":"Handles drawing objects to your game.","id":"37","class":"Component.SpriteBatch","buildClass":"SpriteBatch","url":"","additionalVar":""},{"defineAdditionalVar":"","varName":"OrthographicCamera","imports":"","name":"OrthographicCamera","typeName":"OrthographicCamera","icon":"2131165589","description":"A camera with orthographic projectio","id":"38","class":"Component.OrthographicCamera","buildClass":"OrthographicCamera","url":"","additionalVar":""},{"defineAdditionalVar":"","varName":"Texture","imports":"","name":"Texture","typeName":"Texture","icon":"2131165596","description":"Handles leading an image file to be drawn","id":"39","class":"Component.Texture","buildClass":"Texture","url":"","additionalVar":""},{"defineAdditionalVar":"","varName":"TextureRegion[]","imports":"","name":"TextureRegion[]","typeName":"TextureRegion[]","icon":"2131165586","description":"Helps create a region of a texture image e.g. a tile from a tilesheet","id":"40","class":"Component.TextureRegion[]","buildClass":"TextureRegion[]","url":"","additionalVar":""},{"defineAdditionalVar":"","varName":"Preferences","imports":"","name":"Preferences","typeName":"Preferences","icon":"2131166268","description":"Like SharedPreferences storing game data internally to the users device","id":"41","class":"Component.Preferences","buildClass":"Preferences","url":"","additionalVar":""},{"defineAdditionalVar":"","varName":"AndroidApplicationConfiguration","imports":"","name":"AndroidApplicationConfiguration","typeName":"AndroidApplicationConfiguration","icon":"2131165312","description":"Placed in the activity that you want to handle loading libGDX","id":"69","class":"Component.AndroidApplicationConfiguration","buildClass":"AndroidApplicationConfiguration","url":"","additionalVar":""},{"defineAdditionalVar":"","varName":"Animation\u003cTextureRegion\u003e","imports":"","name":"Animation\u003cTextureRegion\u003e","typeName":"Animation\u003cTextureRegion\u003e","icon":"2131165557","description":"Used to create a 2D Animation instance","id":"42","class":"Component.Animation","buildClass":"Animation\u003cTextureRegion\u003e","url":"","additionalVar":""},{"defineAdditionalVar":"","varName":"FreeTypeFontGenerator","imports":"","name":"FreeTypeFontGenerator","typeName":"FreeTypeFontGenerator","icon":"2131165190","description":"Generates a custom font file from your assets folder","id":"43","class":"Component.FreeTypeFontGenerator","buildClass":"FreeTypeFontGenerator","url":"","additionalVar":""},{"defineAdditionalVar":"","varName":"FreeTypeFontGenerator.FreeTypeFontParameter","imports":"","name":"FreeTypeFontParams","typeName":"FreeTypeFontGenerator","icon":"2131166191","description":"Handles the font parameters e.g. style, size","id":"44","class":"Component.FreeTypeFontGenerator","buildClass":"FreeTypeFontGenerator","url":"","additionalVar":""}]